label,label_name,train_count,test_count,train_ratio_percent,test_ratio_percent
0,Normal,56000,37000,31.93776697977085,44.939999028324344
1,Attack,119341,45332,68.06223302022916,55.06000097167566
