label,label_name,count,ratio_percent
0,Normal,56000,31.93776697977085
1,Attack,119341,68.06223302022916
