type,count,ratio_percent
Zero values,26651832,78.35051546391753
Non-zero values,7364322,21.649484536082475
