label,train_count,train_ratio,test_count,test_ratio,label_name
0,56000,31.93776697977085,37000,44.939999028324344,Normal
1,119341,68.06223302022916,45332,55.06000097167566,Attack
