{
    "0": 1.565544642857143,
    "1": 0.734621798040908
}