{
    "model": "deep_mlp",
    "accuracy": 0.9063183209444687,
    "precision_attack": 0.8936441830776636,
    "recall_attack": 0.9419615282802435,
    "f1_attack": 0.91716694410138,
    "precision_macro": 0.9087457362174043,
    "recall_macro": 0.9023050884644461,
    "f1_macro": 0.904683347660412,
    "roc_auc": 0.9794408728635101,
    "pr_auc": 0.9847644660707985,
    "train_time_seconds": 117.59141182899475,
    "prediction_time_seconds": 0.3191850185394287,
    "tn": 31918,
    "fp": 5082,
    "fn": 2631,
    "tp": 42701,
    "false_positive_rate": 0.13735135135135135,
    "false_negative_rate": 0.058038471719756464
}