{
    "prediction_time_seconds": 0.3191850185394287,
    "num_test_samples": 82332,
    "prediction_time_per_sample_ms": 0.003876803898112869,
    "threshold": 0.5
}